List1,List2
0.888,0.888
0.888,0.7952
0.888,0.676184
0.888,0.62204
0.888,0.888
0.888,0.628
0.888,0.601016
0.888,0.62204
0.888,0.7952
0.888,0.601016
